{
  "val": {
    "accuracy": 0.8116173209352994,
    "f1": 0.8125988976866273,
    "confusion": [
      [
        7290,
        142,
        1156
      ],
      [
        1150,
        6226,
        1173
      ],
      [
        1110,
        111,
        7345
      ]
    ]
  },
  "test": {
    "accuracy": 0.5995175848117025,
    "f1": 0.6049728832246495,
    "confusion": [
      [
        3898,
        544,
        4118
      ],
      [
        979,
        6230,
        1394
      ],
      [
        2878,
        381,
        5282
      ]
    ],
    "financial": {
      "sharpe": 0,
      "max_drawdown": 1203471.6691156242,
      "profit_factor": 0.09045299018497328,
      "win_rate": 0.09563857889913203,
      "nb_trades": 18549,
      "final_return": -120.29771804093741,
      "final_capital": -1192977.1804093742,
      "expectancy": -64.85401802843145,
      "max_losing_streak": 291
    }
  }
}