{
  "val": {
    "accuracy": 0.6411382734912147,
    "f1": 0.6500226444347391,
    "roc_auc": null,
    "confusion": [
      [
        17234,
        492,
        8458
      ],
      [
        3976,
        18601,
        3651
      ],
      [
        10915,
        693,
        14520
      ]
    ]
  },
  "test": {
    "accuracy": 0.6036897456138117,
    "f1": 0.6118810728362994,
    "roc_auc": null,
    "confusion": [
      [
        16791,
        742,
        8635
      ],
      [
        4389,
        18615,
        3202
      ],
      [
        13264,
        895,
        12009
      ]
    ],
    "financial_error": "not enough values to unpack (expected 4, got 3)"
  }
}