iter	MultiClass
0	1.050372425
1	0.9879411873
2	0.8963331494
3	0.8540918531
4	0.8234405033
5	0.7818367077
6	0.735181767
7	0.7069663792
8	0.6848882771
9	0.6510485324
