iter	MultiClass
0	1.011324569
1	0.9276262285
2	0.8546011648
3	0.8201359611
4	0.7589099179
5	0.7209980821
6	0.6839605807
7	0.6500221354
8	0.6318791361
9	0.6008498886
