{
  "val": {
    "accuracy": 0.5723756715801075,
    "f1": 0.580705274861332,
    "roc_auc": null,
    "confusion": [
      [
        32710,
        3053,
        22322
      ],
      [
        9416,
        40806,
        7824
      ],
      [
        28730,
        3154,
        26201
      ]
    ]
  },
  "test": {
    "accuracy": 0.5823254906237623,
    "f1": 0.5938848862402809,
    "roc_auc": null,
    "confusion": [
      [
        33998,
        1375,
        22676
      ],
      [
        9686,
        40549,
        7884
      ],
      [
        29548,
        1597,
        26904
      ]
    ]
  }
}